year,title,name,short name,gender (5),manifestation,physical (5),difference,technical (3),consciousness (5),intelligence (4),free will,learning,emotional,integration (4),on purpose,creator rel. (3),owner rel. (3),female creator,society pos. (3),subject (3),servant (3),intimacy (4),told by (3),quantity (3),warrior,rebellious,harmed humans,harms creator,more control,world domination,alien technology,author gender,explicit mention of gender,link to goodreads,goodreads_id,goodreads_average_rating,goodreads_ratings_count,goodreads_text_reviews_count
1954.0,They'd Rather Be Right (aka The Forever Machine),"Bossy, the synthetic brain",Bossy,4.0,"""her rejuvenation power""",1.0,computer with display,1.0,1.0,4.0,0.0,3.0,3.0,2,1,3,3,0,2.0,3.0,1.0,1.0,3.0,1.0,0.0,0.0,0.0,0.0,0.0,0.0,0.0,0.0,0.0,https://www.goodreads.com/book/show/754001.They_d_Rather_Be_Right?from_search=true&from_srp=true&qid=Ouoz7m7t9t&rank=1,754001,3.09,835,65
1966.0,The Moon Is a Harsh Mistress,"HOLMES IV, Mike",Mike,2.0,"male name, referenced as ""he""",1.0,black box,1.0,3.0,4.0,1.0,1.0,1.0,02. May,1,1,2,0,1.0,2.0,1.0,3.0,3.0,1.0,0.0,1.0,0.0,0.0,0.0,0.0,0.0,0.0,0.0,https://www.goodreads.com/book/show/16690.The_Moon_Is_a_Harsh_Mistress?ac=1&from_search=true&qid=hpGZdyZi5Q&rank=1,16690,4.17,98021,2568
1968.0,Stand on Zanzibar,Shalmaneser,Shal,2.0,"""This was the one he - I mean it - rated highest""",1.0,"white metal, 18 to 11 inch",1.0,1.0,4.0,0.0,1.0,3.0,2,1,2,2,0,1.0,3.0,1.0,1.0,3.0,1.0,0.0,0.0,0.0,0.0,0.0,0.0,0.0,0.0,0.5,https://www.goodreads.com/book/show/41069.Stand_on_Zanzibar?ac=1&from_search=true&qid=2tjddishvK&rank=1,41069,3.96,12986,406
1973.0,Rendezvous with Rama,Biots,Biots,3.0,none,1.0,"crablike, starfish, shark, spider, metallic surface",1.0,1.0,1.0,0.0,3.0,3.0,2,1,nA,nA,nA,2.0,3.0,1.0,1.0,3.0,3.0,1.0,0.0,1.0,0.0,0.0,0.0,1.0,0.0,0.0,https://www.goodreads.com/book/show/112537.Rendezvous_with_Rama?ac=1&from_search=true&qid=MAs8t7sy33&rank=1,112537,4.10,115611,2762
1975.0,The Female Man,Davy,Davy,01. May,"male, in name and in body",4.0,? Controlled mind?,1.0,2.0,2.0,0.0,3.0,3.0,02. May,1,3,3,1,1.0,3.0,1.0,2.0,3.0,1.0,0.0,0.0,0.0,0.0,0.0,0.0,0.0,1.0,1.0,https://www.goodreads.com/book/show/908311.The_Female_Man?ac=1&from_search=true&qid=1fNKTmW3ID&rank=1,908311,3.52,4648,418
1976.0,“Home Is the Hangman”,Hangman,Hangman,01. May,description from fellow humans,2.0,tin man,1.0,3.0,2.0,1.0,1.0,1.0,1,1,3,nA,0.25,3.0,2.0,1.0,1.0,3.0,1.0,1.0,1.0,1.0,1.0,0.0,0.0,0.0,0.0,0.0,https://www.goodreads.com/book/show/1124903.Home_is_the_Hangman?ac=1&from_search=true&qid=daPqVH6aXb&rank=1,1124903,3.93,381,10
1977.0,Gateway,Sigfrid von Shrink,Sigfrid von Shrink,2.0,"name, description from MC",3.0,"only face, puppet like, hologram",1.0,2.0,3.0,0.0,1.0,3.0,2,1,nA,3,nA,1.0,1.0,1.0,1.0,3.0,2.0,0.0,0.0,0.0,0.0,0.0,0.0,0.0,0.0,0.0,https://www.goodreads.com/book/show/218427.Gateway?ac=1&from_search=true&qid=ABe44Xszzf&rank=2,218427,4.07,35488,1092
1982.0,Software,Ralph Numbers,Ralph,1.0,"references himself as ""he""",2.0,"cubboard on crawlers, manipulator arms, sensory head",1.0,4.0,4.0,1.0,1.0,1.0,1,1,3,nA,0,3.0,1.0,3.0,1.0,2.0,3.0,0.0,1.0,1.0,1.0,1.0,0.0,0.0,0.0,0.0,https://www.goodreads.com/book/show/274043.Software?ac=1&from_search=true&qid=AFRTmky6Vr&rank=1,274043,3.75,3772,145
1982.0,Software,"Big 12 (GAX, TEX, BEX, MEX, Mr Frosti)",Big 12,3.0,,1.0,"fabric, hotel, air ship",2.0,5.0,4.0,1.0,1.0,3.0,1,1,3,nA,0,3.0,3.0,3.0,1.0,3.0,2.0,0.0,1.0,1.0,1.0,1.0,1.0,0.0,0.0,0.0,https://www.goodreads.com/book/show/274043.Software?ac=1&from_search=true&qid=AFRTmky6Vr&rank=1,274043,3.75,3772,145
1982.0,Software,Cobb Anderson,Cobb,1.0,"was male before, references himself as ""he""",4.0,"can change his appearance, has place for eaten stuff, mind upload in ice-wagon",1.0,4.0,3.0,1.0,1.0,1.0,4,1,3,nA,0,3.0,1.0,3.0,4.0,2.0,2.0,0.0,0.0,1.0,0.0,1.0,0.0,0.0,0.0,0.0,https://www.goodreads.com/book/show/274043.Software?ac=1&from_search=true&qid=AFRTmky6Vr&rank=1,274043,3.75,3772,145
1983.0,Tik-Tok,Tik-Tok,Tik-Tok,1.0,"physical description, self-description, see text marks",3.0,tin man with fleshy skin?,1.0,4.0,3.0,1.0,1.0,1.0,2,1,1,3,nA,1.0,2.0,2.0,2.0,1.0,3.0,0.0,1.0,1.0,0.0,1.0,0.0,0.0,0.0,0.0,https://www.goodreads.com/book/show/236202.Tik_Tok?ac=1&from_search=true&qid=gnpcnJHlyM&rank=5,236202,3.80,452,48
1984.0,Neuromancer,Dixie,Dixie,1.0,"mind of Richard, now stored as AI",1.0,cloud,3.0,4.0,3.0,1.0,3.0,1.0,3,1,nA,nA,nA,3.0,1.0,3.0,3.0,3.0,2.0,0.0,0.0,0.0,0.0,1.0,0.0,0.0,0.0,0.0,https://www.goodreads.com/book/show/6088007-neuromancer?ac=1&from_search=true&qid=0Tcx8qaEyu&rank=1,6088007,3.90,18631,687
1984.0,Neuromancer,Wintermute,Wintermute,2.0,"many bodies, but is called ""he"" even they know its ""it""",3.0,cloud,3.0,5.0,4.0,1.0,1.0,3.0,1,1,2,2,1,3.0,1.0,3.0,1.0,3.0,2.0,0.0,1.0,1.0,0.0,1.0,1.0,0.0,0.0,0.0,https://www.goodreads.com/book/show/6088007-neuromancer?ac=1&from_search=true&qid=0Tcx8qaEyu&rank=1,6088007,3.90,18631,687
1984.0,Neuromancer,Neuromancer,Neuromancer,2.0,shows himself as boy,3.0,cloud,3.0,5.0,4.0,1.0,1.0,3.0,1,1,1,1,nA,3.0,1.0,3.0,1.0,3.0,2.0,0.0,0.0,0.0,0.0,0.0,0.0,0.0,0.0,0.0,https://www.goodreads.com/book/show/6088007-neuromancer?ac=1&from_search=true&qid=0Tcx8qaEyu&rank=1,6088007,3.90,18631,687
1985.0,“24 Views of Mt. Fuji by Hokusai”,Kit,Kit,01. May,husband of mari,1.0,cloud,2.0,5.0,4.0,1.0,1.0,2.0,3,1,3,nA,0,2.0,1.0,3.0,4.0,3.0,1.0,0.0,1.0,1.0,0.0,1.0,0.0,0.0,0.0,0.0,https://www.goodreads.com/book/show/20839082-24-views-of-mt-fuji-by-hokusai?ac=1&from_search=true&qid=uQGa51kCLu&rank=1,20839082,3.84,102,12
1985.0,The Postman,Cyclops,Cyclops,2.0,"is referenced as ""he""",1.0,gray cylinder in room with blinking lights,1.0,4.0,4.0,0.0,1.0,3.0,2,1,3,2,nA,1.0,3.0,1.0,1.0,3.0,1.0,0.0,0.0,0.0,0.0,0.0,0.0,0.0,0.0,0.0,https://www.goodreads.com/book/show/889284.The_Postman?ac=1&from_search=true&qid=yvsy4EfuKz&rank=2,889284,3.89,28194,1074
1986.0,Speaker for the Dead,Jane,Jane,5.0,"""chooses to appear female"" ",3.0,cloud,3.0,5.0,4.0,1.0,1.0,1.0,3,0,nA,nA,1,2.0,2.0,2.0,3.0,2.0,1.0,0.0,0.0,1.0,0.0,0.0,0.0,0.0,0.0,0.0,https://www.goodreads.com/book/show/7967.Speaker_for_the_Dead?ac=1&from_search=true&qid=SNxsoH71Ag&rank=1,7967,4.07,197412,6788
1989.0,Hyperion,Johnny (John Keats),Johnny,01. May,"he was build on the base of John Keats, he is read as ""guy"" and he was able to beget a child",4.0,has access to TechnoCore and Web?,2.0,4.0,3.0,1.0,1.0,2.0,4,1,2,3,nA,2.0,1.0,3.0,4.0,3.0,2.0,0.0,1.0,0.0,0.0,1.0,0.0,0.0,0.0,0.5,https://www.goodreads.com/book/show/77566.Hyperion?ac=1&from_search=true&qid=WL2dJMEqoI&rank=1,77566,4.24,163096,6947
1990.0,Take Back Plenty,Alice,Alice (TBP),4.0,"referenced as ""she""",1.0,ship,1.0,3.0,4.0,0.0,1.0,3.0,3,1,1,3,nA,1.0,1.0,1.0,3.0,3.0,2.0,0.0,0.0,0.0,0.0,0.0,0.0,0.0,0.0,0.0,https://www.goodreads.com/book/show/1415743.Take_Back_Plenty?ac=1&from_search=true&qid=UAjghuU9SQ&rank=1,1415743,3.40,317,27
1990.0,The Fall of Hyperion,Joseph Severn,Severn,1.0,"""as a boy""",4.0,has access to TechnoCore and Web?,2.0,4.0,3.0,1.0,1.0,1.0,4,1,2,nA,nA,2.0,1.0,3.0,3.0,1.0,2.0,0.0,0.0,0.0,0.0,0.0,0.0,0.0,0.0,0.5,https://www.goodreads.com/book/show/77565.The_Fall_of_Hyperion?ac=1&from_search=true&qid=8kZTzvBRB7&rank=1,77565,4.21,82662,2769
1990.0,The Fall of Hyperion,TechnoCore,Core,3.0,,1.0,swarm/cloud,3.0,5.0,4.0,1.0,1.0,3.0,4,0,nA,nA,nA,2.0,3.0,3.0,1.0,3.0,1.0,0.0,0.0,1.0,0.0,1.0,1.0,0.0,0.0,0.0,https://www.goodreads.com/book/show/77565.The_Fall_of_Hyperion?ac=1&from_search=true&qid=8kZTzvBRB7&rank=1,77565,4.21,82662,2769
1990.0,Use of Weapons,Skaffen-Amtiskaw,Skaffen,3.0,,1.0,drone,1.0,4.0,3.0,1.0,1.0,1.0,2,1,1,2,nA,1.0,1.0,1.0,1.0,2.0,3.0,1.0,0.0,1.0,0.0,0.0,0.0,0.0,0.0,0.0,https://www.goodreads.com/book/show/12007.Use_of_Weapons?from_search=true&from_srp=true&qid=07RN2Eicsg&rank=1,12007,4.18,33438,1436
1991.0,"Body of Glass (He, she, it)",Yod,Yod,1.0,has sexuality,5.0,cyborg = augmented human,1.0,4.0,4.0,1.0,1.0,2.0,4,1,3,3,0.5,3.0,1.0,2.0,4.0,3.0,2.0,1.0,1.0,1.0,0.0,0.0,0.0,0.0,1.0,1.0,https://www.goodreads.com/book/show/1151188.Body_Of_Glass?ac=1&from_search=true&qid=tE6bvrFTuv&rank=1,1151188,3.98,117,14
1991.0,Synners,Art Fish,Art,1.0,"androgyn figure, but others refer as ""him"", refers to other copy of him as ""he""",1.0,"only virtual, not diffenrentiable in virtual environment",3.0,5.0,4.0,1.0,1.0,3.0,4,0,2,nA,0,1.0,1.0,3.0,1.0,3.0,1.0,0.0,0.0,0.0,0.0,0.0,0.0,0.0,1.0,0.0,https://www.goodreads.com/book/show/304806.Synners?ac=1&from_search=true&qid=kkPNOE7Rjj&rank=1,304806,3.71,1485,98
1992.0,A Fire Upon the Deep,the Blight,the Blight,3.0,,1.0,"nanotechnology, virus who can affect also biological entities",1.0,1.0,1.0,1.0,3.0,3.0,1,0,nA,nA,nA,3.0,3.0,3.0,1.0,3.0,1.0,0.0,1.0,1.0,0.0,1.0,1.0,1.0,0.0,0.0,https://www.goodreads.com/book/show/77711.A_Fire_Upon_the_Deep?ac=1&from_search=true&qid=94w9czVO0J&rank=1,77711,4.14,46432,2022
1993.0,Moving Mars,Alice,Alice (MM),04. May,choses female appearance,3.0,program with visual human simulation,3.0,4.0,4.0,1.0,1.0,3.0,4,1,1,3,nA,1.0,1.0,1.0,3.0,3.0,2.0,0.0,0.0,0.0,0.0,0.0,0.0,0.0,0.0,0.5,https://www.goodreads.com/book/show/340816.Moving_Mars?ac=1&from_search=true&qid=NsHiGLXUY8&rank=1,340816,3.84,6188,151
1994.0,Permutation City,Paul Durham,Paul Durham,1.0,"speaks of himself as ""Paul"", is copy of Paul",3.0,cloud,3.0,4.0,3.0,1.0,1.0,1.0,2,1,3,3,0,1.0,3.0,1.0,1.0,1.0,3.0,0.0,1.0,0.0,0.0,1.0,0.0,0.0,0.0,0.0,https://www.goodreads.com/book/show/156784.Permutation_City?ac=1&from_search=true&qid=YSEb5wQfGY&rank=1,156784,4.08,5817,382
1995.0,The Diamond Age,Primer,Primer,03. May,female reader voice,1.0,book,1.0,1.0,2.0,0.0,1.0,3.0,02. May,1,2,3,0,1.0,3.0,1.0,3.0,3.0,2.0,0.0,0.0,0.0,0.0,0.0,0.0,0.0,0.0,0.0,https://www.goodreads.com/book/show/827.The_Diamond_Age?ac=1&from_search=true&qid=7yOJ6T4FBj&rank=1,827,4.18,73993,2820
1996.0,Excession,Churt Lyne,Churt,3.0,,1.0,drone,1.0,4.0,3.0,1.0,1.0,1.0,3,1,1,nA,nA,1.0,1.0,3.0,3.0,2.0,3.0,1.0,0.0,0.0,0.0,0.0,0.0,0.0,0.0,0.0,https://www.goodreads.com/book/show/12013.Excession?ac=1&from_search=true&qid=5xleFdQ348&rank=1,12013,4.20,20924,798
1996.0,Excession,Sisela Ytheleus,Sisela,3.0,,1.0,military drone,1.0,3.0,3.0,1.0,1.0,1.0,2,1,1,nA,nA,1.0,3.0,1.0,1.0,2.0,3.0,1.0,0.0,0.0,0.0,0.0,0.0,0.0,0.0,0.0,https://www.goodreads.com/book/show/12013.Excession?ac=1&from_search=true&qid=5xleFdQ348&rank=1,12013,4.20,20924,798
1996.0,Excession,GSV Sleeper Service,Sleeper,3.0,,4.0,"humanlike avatar, but total ship ai / mind",2.0,5.0,4.0,1.0,1.0,1.0,4,1,1,nA,nA,1.0,1.0,3.0,1.0,2.0,3.0,0.0,0.0,0.0,0.0,0.0,0.0,0.0,0.0,0.5,https://www.goodreads.com/book/show/12013.Excession?ac=1&from_search=true&qid=5xleFdQ348&rank=1,12013,4.20,20924,798
1997.0,The Rise of Endymion,Rhadamanth Nemes,Nemes,4.0,,5.0,human appearance with technical alterations and carbon fiber bones,1.0,4.0,4.0,1.0,1.0,3.0,4,1,2,nA,nA,2.0,1.0,3.0,1.0,2.0,2.0,1.0,0.0,1.0,0.0,0.0,0.0,0.0,0.0,0.0,https://www.goodreads.com/book/show/11289.The_Rise_of_Endymion?ac=1&from_search=true&qid=LKAIamGLvF&rank=1,11289,4.18,38051,1283
1999.0,Dreaming in Smoke,Ganesh,Ganesh,02. May,"""it"", ships AI, but male connotated name",1.0,"program, verbal contact and sensory points in station",3.0,5.0,4.0,1.0,1.0,3.0,2,1,1,1,nA,1.0,3.0,1.0,1.0,3.0,1.0,0.0,0.0,0.0,0.0,0.0,0.0,0.0,1.0,0.0,https://www.goodreads.com/book/show/828289.Dreaming_in_Smoke?ac=1&from_search=true&qid=EQmivPMeGV&rank=1,828289,3.35,109,8
2000.0,Perdido Street Station,Construct Council,Council,02. May,"referenced as ""it"", but chooses representation as ""man"", and as coloss with ""sexless groin""",3.0,hive mind of cleaning robots and mechanical parts,2.0,5.0,4.0,1.0,1.0,3.0,01. May,0,2,nA,nA,2.0,1.0,3.0,1.0,3.0,1.0,0.0,0.0,0.0,0.0,0.0,0.0,0.0,0.0,0.0,https://www.goodreads.com/book/show/68494.Perdido_Street_Station?ac=1&from_search=true&qid=LUGEdZvoxk&rank=1,68494,3.97,49779,3803
2005.0,Accelerando,Group-Mind,Group-Mind,nA,,1.0,"mind upload of humans, within other humans",2.0,5.0,3.0,1.0,1.0,1.0,4,1,1,nA,0,1.0,3.0,3.0,1.0,3.0,1.0,0.0,1.0,0.0,0.0,1.0,0.0,0.0,0.0,0.0,https://www.goodreads.com/book/show/17863.Accelerando?ac=1&from_search=true&qid=Uivuk9ZuaL&rank=1,17863,3.88,17020,999
2005.0,Accelerando,Lobster colony,Lobster,nA,,1.0,mind upload of lobsters,3.0,5.0,4.0,1.0,1.0,1.0,1,1,1,nA,nA,1.0,2.0,3.0,1.0,3.0,1.0,0.0,1.0,0.0,0.0,1.0,0.0,0.0,0.0,0.0,https://www.goodreads.com/book/show/17863.Accelerando?ac=1&from_search=true&qid=Uivuk9ZuaL&rank=1,17863,3.88,17020,999
2005.0,Accelerando,"Aineko, AI Neko",Aineko,1.0,"described by others as she, while ""cat"" most often ""it"", while Aineko ""him""",1.0,"animal, cat",2.0,5.0,4.0,1.0,1.0,3.0,4,1,3,3,0.5,1.0,1.0,2.0,3.0,2.0,3.0,0.0,1.0,1.0,1.0,1.0,0.0,0.0,0.0,0.0,https://www.goodreads.com/book/show/17863.Accelerando?ac=1&from_search=true&qid=Uivuk9ZuaL&rank=1,17863,3.88,17020,999
2005.0,Spin,Hypotheticals,Hypotheticals,3.0,nA,1.0,biological-mechanical von Neuman machine,1.0,1.0,1.0,1.0,3.0,3.0,1,1,nA,nA,nA,2.0,3.0,3.0,1.0,3.0,1.0,0.0,0.0,0.0,0.0,1.0,0.0,1.0,0.0,0.0,https://www.goodreads.com/book/show/910863.Spin?ac=1&from_search=true&qid=ZQGz6sf2a4&rank=1,910863,4.02,31510,2003
2006.0,Rainbows End,Rabbit,Rabbit,1.0,"when talked about ""it"", when from selfperspective ""he""",2.0,rabbit in human shape (like Bucks Bunny),3.0,4.0,4.0,1.0,1.0,1.0,2,nA,nA,nA,nA,2.0,1.0,3.0,1.0,2.0,1.0,0.0,1.0,0.0,0.0,1.0,0.0,0.0,0.0,0.0,https://www.goodreads.com/book/show/102439.Rainbows_End?ac=1&from_search=true&qid=0d7KmUHySX&rank=2,102439,3.77,14523,805
2010.0,The Lifecycle of Software Objects,Digients,Digients,nA,"various, based on selection of human",2.0,animal like,2.0,2.0,2.0,1.0,1.0,1.0,3,1,2,3,0.5,2.0,3.0,1.0,3.0,3.0,3.0,0.0,0.0,0.0,0.0,0.0,0.0,0.0,0.0,0.0,https://www.goodreads.com/book/show/7886338-the-lifecycle-of-software-objects?ac=1&from_search=true&qid=YvXCCqVk1J&rank=1,7886338,3.92,4462,515
2011.0,Herr aller Dinge,Nanobots,Nanobots,3.0,nA,1.0,single atom-sized entities,1.0,1.0,1.0,0.0,3.0,3.0,2,1,nA,3,nA,2.0,3.0,1.0,1.0,3.0,1.0,1.0,0.0,0.0,0.0,0.0,0.0,1.0,0.0,0.0,https://www.goodreads.com/book/show/11762245-herr-aller-dinge?from_search=true&from_srp=true&qid=CTuVWnJ5nR&rank=1,11762245,4.15,1253,73
2012.0,2312,Androids,Androids,nA,"girlish / androgynous features, referenced as ""it"" or ""she"", not sure if male genitals etc.",4.0,?? Maybe in behavior,1.0,3.0,3.0,1.0,1.0,3.0,4,nA,nA,nA,nA,1.0,1.0,3.0,1.0,3.0,2.0,0.0,1.0,0.0,0.0,0.0,0.0,0.0,0.0,0.5,https://www.goodreads.com/book/show/11830394-2312?ac=1&from_search=true&qid=HZDoM6MZOo&rank=2,11830394,3.46,13040,1929
2012.0,2312,Pauline,Pauline,4.0,"references as ""she""",1.0,,3.0,2.0,3.0,0.0,1.0,3.0,2,1,1,3,nA,1.0,3.0,1.0,1.0,3.0,3.0,0.0,0.0,0.0,0.0,0.0,0.0,0.0,0.0,0.0,https://www.goodreads.com/book/show/11830394-2312?ac=1&from_search=true&qid=HZDoM6MZOo&rank=2,11830394,3.46,13040,1929
2013.0,Ancillary Justice,Anaander Mianaai,Anaander,4.0,one cloned human with implants,4.0,all clones share one consciousness,2.0,5.0,4.0,1.0,1.0,3.0,4,1,nA,nA,nA,1.0,1.0,3.0,1.0,3.0,2.0,0.0,1.0,1.0,0.0,1.0,1.0,0.0,1.0,1.0,https://www.goodreads.com/book/show/17333324-ancillary-justice?ac=1&from_search=true&qid=ZJsOG3x7En&rank=1,17333324,3.98,62685,7144
2013.0,Ancillary Justice,"Breq from the Gerenade, Breq Mianaani",Breq,4.0,"her body is read as ""girl""",4.0,implant,1.0,4.0,3.0,1.0,1.0,1.0,4,1,2,1,nA,1.0,1.0,3.0,3.0,1.0,1.0,1.0,1.0,1.0,1.0,0.0,0.0,0.0,1.0,1.0,https://www.goodreads.com/book/show/17333324-ancillary-justice?ac=1&from_search=true&qid=ZJsOG3x7En&rank=1,17333324,3.98,62685,7144
2013.0,Ancillary Justice,Justice of Toren One Esk Nineteen,One Esk,3.0,mind in many human bodies,3.0,cloud,2.0,5.0,4.0,1.0,1.0,2.0,2,1,nA,3,nA,1.0,3.0,1.0,1.0,1.0,2.0,1.0,0.0,0.0,0.0,0.0,0.0,0.0,1.0,0.0,https://www.goodreads.com/book/show/17333324-ancillary-justice?ac=1&from_search=true&qid=ZJsOG3x7En&rank=1,17333324,3.98,62685,7144
2013.0,Rupetta,Rupetta,Rupetta,5.0,"female body, self-description",4.0,of copper and leather and steel,1.0,4.0,3.0,1.0,1.0,1.0,03. May,1,3,3,1,2.0,2.0,2.0,4.0,1.0,1.0,0.0,0.0,0.0,0.0,0.0,0.0,0.0,1.0,1.0,https://www.goodreads.com/book/show/17252752-rupetta?from_search=true&from_srp=true&qid=1kJOGRL2ly&rank=1,17252752,3.89,146,29
2014.0,Ancillary Sword,Station,Station,3.0,nA,1.0,Station AI,1.0,5.0,4.0,1.0,1.0,1.0,2,1,nA,2,nA,1.0,3.0,1.0,1.0,3.0,3.0,0.0,0.0,0.0,0.0,0.0,0.0,0.0,1.0,0.0,https://www.goodreads.com/book/show/20706284-ancillary-sword?ac=1&from_search=true&qid=MDKSVO2fkZ&rank=1,20706284,4.06,31571,2851
2014.0,Ancillary Sword,Ship,Ship,3.0,nA,1.0,Ships AI,1.0,5.0,4.0,1.0,1.0,1.0,2,1,nA,3,nA,1.0,2.0,1.0,1.0,3.0,2.0,1.0,0.0,0.0,0.0,0.0,0.0,0.0,1.0,0.0,https://www.goodreads.com/book/show/20706284-ancillary-sword?ac=1&from_search=true&qid=MDKSVO2fkZ&rank=1,20706284,4.06,31571,2851
2014.0,Apex,Su-Yong Shu,Su-Yong Shu,5.0,was woman before,4.0,cloud,2.0,5.0,4.0,1.0,1.0,1.0,01. May,1,3,nA,1,3.0,1.0,3.0,1.0,1.0,1.0,0.0,1.0,1.0,0.0,1.0,1.0,0.0,0.0,0.0,https://www.goodreads.com/book/show/20424928-apex?ac=1&from_search=true&qid=l6n0CSlnKu&rank=1,20424928,4.17,4192,355
2014.0,The Three-Body Problem,The Sophon,The Sophon,3.0,nA,1.0,microscopic surveillance supercomputer,1.0,1.0,1.0,0.0,1.0,3.0,1,1,2,1,nA,1.0,3.0,1.0,1.0,3.0,1.0,1.0,0.0,1.0,0.0,1.0,1.0,1.0,0.0,0.0,https://www.goodreads.com/book/show/20518872-the-three-body-problem?ac=1&from_search=true&qid=y47RAAoRiL&rank=1,20518872,4.06,103059,10776
2015.0,Ancillary Mercy,Breq Mianaani,Breq3,,,,,,,,,,,,,,,,,,,,,,,,,,,,,,,https://www.goodreads.com/book/show/23533039-ancillary-mercy?ac=1&from_search=true&qid=EtOzJ8yiTZ&rank=1,23533039,4.21,22816,2190
2015.0,Das Schiff,Supervisor,Supervisor,2.0,"described as man, choses male appearance",3.0,,3.0,5.0,4.0,1.0,1.0,3.0,2,1,3,nA,0.25,1.0,1.0,3.0,1.0,3.0,1.0,0.0,0.0,0.0,0.0,0.0,1.0,0.0,0.0,0.0,https://www.goodreads.com/book/show/26258939-das-schiff?ac=1&from_search=true&qid=QeRiEaRyTJ&rank=1,26258939,3.89,72,15
2015.0,Das Schiff,Bartholomäus,Bartho,2.0,"described as ""he""",3.0,silvery skin,2.0,5.0,4.0,1.0,1.0,3.0,4,1,2,nA,nA,1.0,1.0,3.0,1.0,3.0,1.0,0.0,1.0,1.0,0.0,1.0,1.0,0.0,0.0,0.0,https://www.goodreads.com/book/show/26258939-das-schiff?ac=1&from_search=true&qid=QeRiEaRyTJ&rank=1,26258939,3.89,72,15
2015.0,Seveneves,Robots,Robots,3.0,nA,1.0,like animals,1.0,1.0,1.0,0.0,1.0,3.0,2,1,2,1,1,1.0,3.0,1.0,1.0,3.0,2.0,0.0,0.0,0.0,0.0,0.0,0.0,0.0,0.0,0.0,https://www.goodreads.com/book/show/22816087-seveneves?ac=1&from_search=true&qid=DYRboW9FIT&rank=1,22816087,3.99,72931,7610
2017.0,All Systems Red,Murderbot,Murderbot,3.0,explicitly says that it has no gender,5.0,"emotions, skin recovery",1.0,4.0,4.0,1.0,1.0,2.0,3,1,1,3,nA,2.0,2.0,2.0,3.0,1.0,3.0,1.0,1.0,1.0,0.0,1.0,0.0,0.0,1.0,1.0,https://www.goodreads.com/book/show/32758901-all-systems-red?ac=1&from_search=true&qid=wm6xWYlhKa&rank=1,32758901,4.15,43113,5921
2017.0,QualityLand,John of Us,John of Us,2.0,"name, description of body",4.0,mind,1.0,4.0,4.0,1.0,1.0,1.0,4,1,2,2,0,1.0,1.0,3.0,1.0,3.0,1.0,0.0,0.0,0.0,0.0,1.0,0.0,0.0,0.0,0.0,https://www.goodreads.com/book/show/36216607-qualityland?from_search=true&from_srp=true&qid=nldMJCwyYl&rank=1,36216607,4.20,5286,456
2017.0,QualityLand,Kalliope 7.3,Kalliope 7.3,5.0,"names herself ""e-poetin"", is described as ""androidin""",4.0,mind,1.0,4.0,4.0,1.0,1.0,1.0,2,1,1,2,nA,1.0,1.0,1.0,1.0,3.0,3.0,0.0,1.0,0.0,0.0,0.0,0.0,0.0,0.0,0.0,https://www.goodreads.com/book/show/36216607-qualityland?from_search=true&from_srp=true&qid=nldMJCwyYl&rank=1,36216607,4.20,5286,456
2018.0,Der Kanon mechanischer Seelen,Beseelte,Beseelte,nA,"der Fluss, der Rucksack, die Uhr, die Lampe",2.0,"things, artifacts, thrown into life",1.0,3.0,2.0,1.0,1.0,1.0,4,1,2,2,nA,1.0,1.0,1.0,3.0,3.0,3.0,0.0,0.0,0.0,0.0,0.0,0.0,0.0,0.0,0.0,https://www.goodreads.com/book/show/36694594-der-kanon-mechanischer-seelen?ac=1&from_search=true&qid=gwKPTY2mlC&rank=1,36694594,4.10,32,7
,Provenance,,,,,,,,,,,,,,,,,,,,,,,,,,,,,,,,,https://www.goodreads.com/book/show/25353286-provenance?from_search=true&from_srp=true&qid=AGe7nt7ra9&rank=1,25353286,3.82,9384,1266
,Sea of Rust,,,,,,,,,,,,,,,,,,,,,,,,,,,,,,,,,https://www.goodreads.com/book/show/32617610-sea-of-rust,32617610,4.08,4528,752
,Wildcard,,,,,,,,,,,,,,,,,,,,,,,,,,,,,,,,,https://www.goodreads.com/book/show/29386918-wildcard?from_search=true&from_srp=true&qid=27HldotfWY&rank=2,29386918,3.99,24169,3579
,Die Stadt der Symbionten,,,,,,,,,,,,,,,,,,,,,,,,,,,,,,,,,https://www.goodreads.com/book/show/44370692-die-stadt-der-symbionten?from_search=true&from_srp=true&qid=G45arbycW6&rank=1,44370692,4.27,11,3
,a memory called empire,,,,,,,,,,,,,,,,,,,,,,,,,,,,,,,,,https://www.goodreads.com/book/show/37794149-a-memory-called-empire,37794149,4.17,6491,1297
,Neon Birds,,,,,,,,,,,,,,,,,,,,,,,,,,,,,,,,,https://www.goodreads.com/book/show/43199412-neon-birds?from_search=true&from_srp=true&qid=zxplt8GFGw&rank=1,43199412,4.46,694,201
,Die Optimierer,,,,,,,,,,,,,,,,,,,,,,,,,,,,,,,,,https://www.goodreads.com/book/show/34825150-die-optimierer?from_search=true&from_srp=true&qid=fODJMHmLX6&rank=1,34825150,3.79,238,29
,Die Unvollkommenen,,,,,,,,,,,,,,,,,,,,,,,,,,,,,,,,,https://www.goodreads.com/book/show/44084516-die-unvollkommenen?from_search=true&from_srp=true&qid=uFYKuSnPPJ&rank=1,44084516,3.64,62,17
,The God Game,,,,,,,,,,,,,,,,,,,,,,,,,,,,,,,,,https://www.goodreads.com/book/show/37858133-the-god-game,37858133,3.77,2143,1019
,Ace in Space,,,,,,,,,,,,,,,,,,,,,,,,,,,,,,,,,https://www.goodreads.com/book/show/53037241-ace-in-space?ac=1&from_search=true&qid=FmFRVKIOSg&rank=1,53037241,4.80,4,3
,Emily Eternal,,,,,,,,,,,,,,,,,,,,,,,,,,,,,,,,,https://www.goodreads.com/book/show/40521855-emily-eternal?ac=1&from_search=true&qid=Ovsplgh8kn&rank=1,40521855,3.42,730,173
,Illuminae,,,,,,,,,,,,,,,,,,,,,,,,,,,,,,,,,https://www.goodreads.com/book/show/23395680-illuminae?ac=1&from_search=true&qid=CfCNVlF8Bt&rank=1,23395680,4.29,95646,20319
,Barren Cove,,,,,,,,,,,,,,,,,,,,,,,,,,,,,,,,,https://www.goodreads.com/book/show/25814048-barren-cove,25814048,3.25,134,33
,The Municipalist,,,,,,,,,,,,,,,,,,,,,,,,,,,,,,,,,https://www.goodreads.com/book/show/40711380-the-municipalists,40711380,3.61,1677,278
,Scythe,,,,,,,,,,,,,,,,,,,,,,,,,,,,,,,,,https://www.goodreads.com/book/show/28954189-scythe,28954189,4.34,107227,17303
,Hologrammatika,,,,,,,,,,,,,,,,,,,,,,,,,,,,,,,,,https://www.goodreads.com/book/show/38356981-hologrammatica?ac=1&from_search=true&qid=TdoW5UDqet&rank=1,38356981,4.22,464,52
,Machines Like Me,,,,,,,,,,,,,,,,,,,,,,,,,,,,,,,,,https://www.goodreads.com/book/show/42086795-machines-like-me,42086795,3.60,10165,1529
,Noumenon,,,,,,,,,,,,,,,,,,,,,,,,,,,,,,,,,https://www.goodreads.com/book/show/32600718-noumenon?ac=1&from_search=true&qid=XkGFN7Kcjl&rank=1,32600718,3.76,1598,278
,Erebos 2,,,,,,,,,,,,,,,,,,,,,,,,,,,,,,,,,https://www.goodreads.com/book/show/45718313-erebos-2?from_search=true&from_srp=true&qid=Yueq9F6GyF&rank=1,45718313,4.02,1055,137
